Header,Sequence,Probability,Predicted Class
>len_12_peptide_1,PPYNYFNPPNFN,0.70,B3PP
>len_12_peptide_2,YEFGGGFNFENF,0.42,Non-B3PP
>len_12_peptide_3,RRLLLLLRRRRR,0.83,B3PP
>len_12_peptide_4,YPGYGGFEFPFN,0.74,B3PP
>len_12_peptide_5,YYFNFNGTFFNF,0.50,Non-B3PP
>len_12_peptide_6,GYGYGPFFFNFN,0.23,Non-B3PP
>len_12_peptide_7,PPYPPPPPPPPN,0.80,B3PP
>len_12_peptide_8,LPPYLSGFLLRN,0.20,Non-B3PP
>len_12_peptide_9,YFGNGFFLFNNF,0.31,Non-B3PP
>len_12_peptide_10,PPPWPPPFPPNF,0.63,B3PP
>len_12_peptide_11,YGGYLNFFPGNF,0.23,Non-B3PP
>len_12_peptide_12,YPGGGFFGFPNF,0.20,Non-B3PP
>len_12_peptide_13,YRYPPFGPPGNF,0.78,B3PP
>len_12_peptide_14,YPPYNTFPNPYF,0.30,Non-B3PP
>len_12_peptide_15,YGGFGGGFPPNF,0.22,Non-B3PP
>len_12_peptide_16,RRLRLRLRRRRR,0.83,B3PP
>len_12_peptide_17,YRYWSSSPPVVV,0.71,B3PP
>len_12_peptide_18,YPPYNNFFPFNN,0.72,B3PP
>len_12_peptide_19,FYFGFGNPGNFN,0.21,Non-B3PP
>len_12_peptide_20,VPYPPPFFPPPV,0.66,B3PP
>len_12_peptide_21,YYEFGGSNEGFF,0.82,B3PP
>len_12_peptide_22,YGNFYGFNFNNF,0.52,B3PP
>len_12_peptide_23,RRGRRRSGPRRK,0.83,B3PP
>len_12_peptide_24,YPYYNPFFNPFF,0.29,Non-B3PP
>len_12_peptide_25,YFNGFGGFFFFN,0.43,Non-B3PP
>len_12_peptide_26,YYLLLLFFLGFF,0.77,B3PP
>len_12_peptide_27,YGNGGGGNFFFF,0.26,Non-B3PP
>len_12_peptide_28,YPPPLPPPPPPR,0.81,B3PP
>len_12_peptide_29,YGFFGLFFLGNY,0.68,B3PP
>len_12_peptide_30,FLLYLLLTLPNF,0.45,Non-B3PP
>len_12_peptide_31,YGYGGGFFNNNF,0.67,B3PP
>len_12_peptide_32,YYFGNGGFEFNN,0.81,B3PP
>len_12_peptide_33,NYGFFGEGFFNF,0.22,Non-B3PP
>len_12_peptide_34,YGGNYTFFFNFF,0.21,Non-B3PP
>len_12_peptide_35,RRRRRRRRRRRR,0.82,B3PP
>len_12_peptide_36,RSSSLSLSLGNF,0.19,Non-B3PP
>len_12_peptide_37,YNPPNPFFPLFN,0.39,Non-B3PP
>len_12_peptide_38,YGNFNFFFPFGF,0.22,Non-B3PP
>len_12_peptide_39,YGNFFFGFNNNF,0.38,Non-B3PP
>len_12_peptide_40,YGYNNFNFFFFN,0.31,Non-B3PP
>len_12_peptide_41,YPPNYGGFFFNN,0.52,B3PP
>len_12_peptide_42,YFGNGGYNFENF,0.34,Non-B3PP
>len_12_peptide_43,YYNGGFNEFNNF,0.78,B3PP
>len_12_peptide_44,RYPRRRPRRRRN,0.83,B3PP
>len_12_peptide_45,YYPGPFPNFNNN,0.79,B3PP
>len_12_peptide_46,YPFPNPNPPNFN,0.80,B3PP
>len_12_peptide_47,FGFGGGFFGNNF,0.25,Non-B3PP
>len_12_peptide_48,RGRRYSFPRRRN,0.83,B3PP
>len_12_peptide_49,YGFYGGGFLGFN,0.65,B3PP
>len_12_peptide_50,YGYGSPSFNRFF,0.21,Non-B3PP
>len_12_peptide_51,YYNGNFFFNGNN,0.65,B3PP
>len_12_peptide_52,YGYGSLFFPFGG,0.20,Non-B3PP
>len_12_peptide_53,YPPPPGLFFYNN,0.64,B3PP
>len_12_peptide_54,YGGYSSGTFRRF,0.33,Non-B3PP
>len_12_peptide_55,YRRRRRRGRRPR,0.82,B3PP
>len_12_peptide_56,YYRPLRRPPLRR,0.83,B3PP
>len_12_peptide_57,FGYPYFPPFPNN,0.24,Non-B3PP
>len_12_peptide_58,YGGNGFNFFYNN,0.30,Non-B3PP
>len_12_peptide_59,KRRRRLLRRRRR,0.83,B3PP
>len_12_peptide_60,YPYNNGPFPPPF,0.57,B3PP
>len_12_peptide_61,YFYGGFGFPFNN,0.42,Non-B3PP
>len_12_peptide_62,YPGNFGFFFNNF,0.27,Non-B3PP
>len_12_peptide_63,VSPGSSFPPPVF,0.20,Non-B3PP
>len_12_peptide_64,YGLSGGSSRFFG,0.21,Non-B3PP
>len_12_peptide_65,YPPPPFFPNPPP,0.80,B3PP
>len_12_peptide_66,YYGNGFTFEFNN,0.79,B3PP
>len_12_peptide_67,YGGNFNFFNNNY,0.50,Non-B3PP
>len_12_peptide_68,YGNNGFFGPPGF,0.23,Non-B3PP
>len_12_peptide_69,YYFNFGGFGFNF,0.46,Non-B3PP
>len_12_peptide_70,SSRSSSGLLRRR,0.79,B3PP
>len_12_peptide_71,RPLLLRTRLLRL,0.83,B3PP
>len_12_peptide_72,YPPNNPNFPPFF,0.75,B3PP
>len_12_peptide_73,RRRRRLRRRRRR,0.82,B3PP
>len_12_peptide_74,YGGYFYFFFNFN,0.67,B3PP
>len_12_peptide_75,YGFFNGGGFGNF,0.25,Non-B3PP
>len_12_peptide_76,RRRRLRRRRRRR,0.82,B3PP
>len_12_peptide_77,YFGNYFFFNRNN,0.74,B3PP
>len_12_peptide_78,PPPLPLPLLPPP,0.74,B3PP
>len_12_peptide_79,FPYNPNGFNPVN,0.61,B3PP
>len_12_peptide_80,VVPPPVWPPPPN,0.61,B3PP
>len_12_peptide_81,YYGYGFGGFFNN,0.60,B3PP
>len_12_peptide_82,VRVPPPLPPPRV,0.80,B3PP
>len_12_peptide_83,FYGLGLFFGGNF,0.22,Non-B3PP
>len_12_peptide_84,YYGFNTTFPNNN,0.80,B3PP
>len_12_peptide_85,YFGFGNYFFGNN,0.48,Non-B3PP
>len_12_peptide_86,YPPPRRSSRRRF,0.82,B3PP
>len_12_peptide_87,YLGLFTNFLFNN,0.76,B3PP
>len_12_peptide_88,RSLGLSSTFNGV,0.19,Non-B3PP
>len_12_peptide_89,YYPYFPFFPNNF,0.39,Non-B3PP
>len_12_peptide_90,YFEGGGEFNFNN,0.82,B3PP
>len_12_peptide_91,YFNFGGGGNFNF,0.33,Non-B3PP
>len_12_peptide_92,YPPNVPFPPPNN,0.80,B3PP
>len_12_peptide_93,YGGGGNFFPFNN,0.23,Non-B3PP
>len_12_peptide_94,YWPNPPNPPPNF,0.75,B3PP
>len_12_peptide_95,RRRRRRSRRRRK,0.82,B3PP
>len_12_peptide_96,SPRPLSRPPRVP,0.82,B3PP
>len_12_peptide_97,YYGYNGFNNFNF,0.55,B3PP
>len_12_peptide_98,RPPLLPRPPPRP,0.82,B3PP
>len_12_peptide_99,YGGYFFTFNFNN,0.22,Non-B3PP
>len_12_peptide_100,YFGFGSFFRRNY,0.80,B3PP
>len_12_peptide_101,PPYYPPNFPPVY,0.71,B3PP
>len_12_peptide_102,FFYYGGFFFNNN,0.67,B3PP
>len_12_peptide_103,YGFGGLSGFGFG,0.25,Non-B3PP
>len_12_peptide_104,YRPPPSVSPPVV,0.80,B3PP
>len_12_peptide_105,YGNYGNFFPNYN,0.45,Non-B3PP
>len_12_peptide_106,YPPPPNFLPPYP,0.79,B3PP
>len_12_peptide_107,YGGFYGGGENNN,0.56,B3PP
>len_12_peptide_108,YGNGFFGFGLNF,0.22,Non-B3PP
>len_12_peptide_109,YFNPLLFFPRNY,0.70,B3PP
>len_12_peptide_110,YGGYGFGNRNGF,0.55,B3PP
>len_12_peptide_111,RRRSSSRSLRRR,0.82,B3PP
>len_12_peptide_112,YFFGFFFGGGGN,0.26,Non-B3PP
>len_12_peptide_113,YPPWPPVPPPVW,0.66,B3PP
>len_12_peptide_114,RYLPLLLIRPPF,0.79,B3PP
>len_12_peptide_115,YFEGGFFENNNN,0.82,B3PP
>len_12_peptide_116,YPPPPPPPPPPV,0.79,B3PP
>len_12_peptide_117,YYYNFNNPPPNN,0.72,B3PP
>len_12_peptide_118,YGNFGGFFEFFF,0.37,Non-B3PP
>len_12_peptide_119,YYGNYNFFFNFF,0.37,Non-B3PP
>len_12_peptide_120,KLRLRLRRRPRR,0.83,B3PP
>len_12_peptide_121,YGEFYFGFEPNN,0.82,B3PP
>len_12_peptide_122,RRLPLRLKRRRK,0.83,B3PP
>len_12_peptide_123,PGYFGFFFPFNN,0.19,Non-B3PP
>len_12_peptide_124,YPPWPNFPNPVF,0.45,Non-B3PP
>len_12_peptide_125,YGRYSPSRNPPF,0.82,B3PP
>len_12_peptide_126,YGGGLLFFLFNN,0.22,Non-B3PP
>len_12_peptide_127,YYFFGFGNFNFY,0.66,B3PP
>len_12_peptide_128,YYFNFGGFFFGF,0.51,B3PP
>len_12_peptide_129,YPRWPPSPPRRP,0.82,B3PP
>len_12_peptide_130,GGYFGLTFPYNF,0.19,Non-B3PP
>len_12_peptide_131,YYPNNFPNPFNF,0.47,Non-B3PP
>len_12_peptide_132,YLPPLPTPLPPN,0.79,B3PP
>len_12_peptide_133,PPPYNFGPFPNF,0.22,Non-B3PP
>len_12_peptide_134,YFFFGTTFFGFN,0.72,B3PP
>len_12_peptide_135,RRRLPRSRPPNR,0.82,B3PP
>len_12_peptide_136,YYFNYGNNEFNN,0.73,B3PP
>len_12_peptide_137,RGSLLSSSRRRR,0.83,B3PP
>len_12_peptide_138,YGFGLGGFFGGF,0.25,Non-B3PP
>len_12_peptide_139,YYGFGNGFFGFF,0.47,Non-B3PP
>len_12_peptide_140,YGYGFNNFNPFN,0.33,Non-B3PP
>len_12_peptide_141,FGFYYGTGGNFN,0.22,Non-B3PP
>len_12_peptide_142,PPPPPLTPNPPN,0.79,B3PP
>len_12_peptide_143,GYGFYFFGNGFN,0.23,Non-B3PP
>len_12_peptide_144,RRLLKRSRLRRR,0.83,B3PP
>len_12_peptide_145,GYGGGFFGFNNF,0.22,Non-B3PP
>len_12_peptide_146,YGYNGGFNFNNF,0.51,B3PP
>len_12_peptide_147,YGYGFFFGTFNN,0.34,Non-B3PP
>len_12_peptide_148,YFGFYFGFENNN,0.81,B3PP
>len_12_peptide_149,YGGFFGFHFFNY,0.69,B3PP
>len_12_peptide_150,YYGGFGGEGNFF,0.74,B3PP
>len_12_peptide_151,YYNFGFFTGNNF,0.69,B3PP
>len_12_peptide_152,YYNNGGFFNEFF,0.67,B3PP
>len_12_peptide_153,RRLLRSRRLRPR,0.83,B3PP
>len_12_peptide_154,YFFYGGFFFNGF,0.64,B3PP
>len_12_peptide_155,YYFEGGFNFFNN,0.79,B3PP
>len_12_peptide_156,PYPYPPPNPRPN,0.82,B3PP
>len_12_peptide_157,RGGLRLGRPLRF,0.82,B3PP
>len_12_peptide_158,YGNGYTYFFNNF,0.22,Non-B3PP
>len_12_peptide_159,PPPYGPFPYNNN,0.74,B3PP
>len_12_peptide_160,PPPNPPPPPPVP,0.81,B3PP
>len_12_peptide_161,SLRYGGSLRNRR,0.83,B3PP
>len_12_peptide_162,PPYYPPNFPNWF,0.52,B3PP
>len_12_peptide_163,YGNGFFFNPFNN,0.20,Non-B3PP
>len_12_peptide_164,YRGLLRRRGRPR,0.83,B3PP
>len_12_peptide_165,YLPPLLGPLFPF,0.20,Non-B3PP
>len_12_peptide_166,YPYGNFFPGPNN,0.62,B3PP
>len_12_peptide_167,YPFFPSGFPPFN,0.20,Non-B3PP
>len_12_peptide_168,YPPPPPPPPPPN,0.80,B3PP
>len_12_peptide_169,YGFGNGFFNFFF,0.28,Non-B3PP
>len_12_peptide_170,YFYNNFTFFFNF,0.34,Non-B3PP
>len_12_peptide_171,TPYYPNPEPPNN,0.80,B3PP
>len_12_peptide_172,YGYNFFGTFNNN,0.63,B3PP
>len_12_peptide_173,YGYLPFGNGRGN,0.34,Non-B3PP
>len_12_peptide_174,YYGGFLGNLFNF,0.61,B3PP
>len_12_peptide_175,RRRLRRLRLRRR,0.83,B3PP
>len_12_peptide_176,LPRRPLLLPRRN,0.82,B3PP
>len_12_peptide_177,YFYGFGTFNNNF,0.39,Non-B3PP
>len_12_peptide_178,YWPPPSPPPPVF,0.74,B3PP
>len_12_peptide_179,YRPPPSNGPRGF,0.81,B3PP
>len_12_peptide_180,YGGNNGTFFFNN,0.23,Non-B3PP
>len_12_peptide_181,YFFNYTTFNFNF,0.36,Non-B3PP
>len_12_peptide_182,YPPPLPTLNPPN,0.80,B3PP
>len_12_peptide_183,GYGGYFFNEGNN,0.30,Non-B3PP
>len_12_peptide_184,YPHPPFFFFPYN,0.68,B3PP
>len_12_peptide_185,SRRSRSSRRRRR,0.82,B3PP
>len_12_peptide_186,YGRYSLTFPRRY,0.83,B3PP
>len_12_peptide_187,YGEEFFNFFENF,0.27,Non-B3PP
>len_12_peptide_188,YYYPPPFNNPFN,0.70,B3PP
>len_12_peptide_189,RRYGRFFGRRRN,0.83,B3PP
>len_12_peptide_190,SYGGSGFNGNFF,0.20,Non-B3PP
>len_12_peptide_191,PPPPPPPPPPPP,0.79,B3PP
>len_12_peptide_192,YPFNGGFFFNNN,0.62,B3PP
>len_12_peptide_193,YYNFGGGFGGFN,0.64,B3PP
>len_12_peptide_194,SSWGSSSSSRGF,0.20,Non-B3PP
>len_12_peptide_195,GGYGGSSSRGNN,0.21,Non-B3PP
>len_12_peptide_196,YSRPPSSPRNRF,0.83,B3PP
>len_12_peptide_197,YGGPGLFPNRYR,0.24,Non-B3PP
>len_12_peptide_198,YLRNGPGPPPRN,0.82,B3PP
>len_12_peptide_199,YGFPYGFFNNGF,0.22,Non-B3PP
>len_12_peptide_200,YRLPPLLFPPPF,0.70,B3PP
>len_12_peptide_201,YPNNPPTEPNNN,0.76,B3PP
>len_12_peptide_202,GYNNGGFFFFNN,0.24,Non-B3PP
>len_12_peptide_203,YFFNGFFFGNNF,0.42,Non-B3PP
>len_12_peptide_204,PPPPWYPFPPNY,0.66,B3PP
>len_12_peptide_205,YPPVGSSGVPNV,0.24,Non-B3PP
>len_12_peptide_206,YYFYGFFFFNNN,0.69,B3PP
>len_12_peptide_207,GYNGGFFFNFNF,0.27,Non-B3PP
>len_12_peptide_208,YLLLLPLRLPRR,0.82,B3PP
>len_12_peptide_209,YGFPWSSFGGVY,0.41,Non-B3PP
>len_12_peptide_210,YLLLGFLFLNFN,0.74,B3PP
>len_12_peptide_211,PPRPPPVPPPPV,0.81,B3PP
>len_12_peptide_212,YLLPLLLFLPRF,0.78,B3PP
>len_12_peptide_213,RRRLRRRPRRRR,0.83,B3PP
>len_12_peptide_214,PPPNPPPPPPPV,0.81,B3PP
>len_12_peptide_215,YGRGLSRRRRPR,0.83,B3PP
>len_12_peptide_216,RPGYRRSRRGRF,0.83,B3PP
>len_12_peptide_217,YYFNGNFFLFFY,0.66,B3PP
>len_12_peptide_218,YGEYGGFNENNN,0.81,B3PP
>len_12_peptide_219,PPRPPPLPPPVP,0.82,B3PP
>len_12_peptide_220,YGGPYFGFPRNF,0.36,Non-B3PP
>len_12_peptide_221,YPNNPGPFNPFF,0.44,Non-B3PP
>len_12_peptide_222,YGFYGFFNFGNF,0.60,B3PP
>len_12_peptide_223,YYNFPGFNPFNN,0.54,B3PP
>len_12_peptide_224,YYGPNGPFFPNF,0.25,Non-B3PP
>len_12_peptide_225,PPYPPPPPPPNP,0.80,B3PP
>len_12_peptide_226,YPNPPPFNNNFF,0.80,B3PP
>len_12_peptide_227,PRPPPPTGRPYN,0.82,B3PP
>len_12_peptide_228,YGFGYNFFGNNN,0.37,Non-B3PP
>len_12_peptide_229,YEEFGGGFFENF,0.58,B3PP
>len_12_peptide_230,YLRRKSTFRNGY,0.83,B3PP
>len_12_peptide_231,YGGFGNNFGPNY,0.43,Non-B3PP
>len_12_peptide_232,YPPPLPFPPPPF,0.71,B3PP
>len_12_peptide_233,YPFNPNFFPPNN,0.73,B3PP
>len_12_peptide_234,YPPPPNLPPPPF,0.79,B3PP
>len_12_peptide_235,YYNYNPTGNPFF,0.23,Non-B3PP
>len_12_peptide_236,YGRRSRRRRRRR,0.83,B3PP
>len_12_peptide_237,YYFLPLPFPLFF,0.63,B3PP
>len_12_peptide_238,LRRRRRPLPPRR,0.82,B3PP
>len_12_peptide_239,YGGGGGFFFGNG,0.20,Non-B3PP
>len_12_peptide_240,YGGFGSFFPFGF,0.21,Non-B3PP
>len_12_peptide_241,YGFGGFNFNNGF,0.34,Non-B3PP
>len_12_peptide_242,YPPPPPPPPNNF,0.78,B3PP
>len_12_peptide_243,YGNFGFFFFGNF,0.26,Non-B3PP
>len_12_peptide_244,YGGFNGGGFFNN,0.45,Non-B3PP
>len_12_peptide_245,YGFEGFNNPENF,0.48,Non-B3PP
>len_12_peptide_246,YPYYPLPRRPFN,0.82,B3PP
>len_12_peptide_247,YPNNPNPNFPFY,0.70,B3PP
>len_12_peptide_248,YFNGGFGFENNN,0.80,B3PP
>len_12_peptide_249,YPYPPPPFPPPN,0.80,B3PP
>len_12_peptide_250,YGGLLGNYGGNF,0.28,Non-B3PP
>len_12_peptide_251,YPPPYPGNPNPN,0.81,B3PP
>len_12_peptide_252,YGYFFFFFNNGN,0.33,Non-B3PP
>len_12_peptide_253,YGFYGNFFPGNF,0.44,Non-B3PP
>len_12_peptide_254,YFENFGFFFNNY,0.65,B3PP
>len_12_peptide_255,VPPPWPPNPPVR,0.78,B3PP
>len_12_peptide_256,PPNNYFEFPPFN,0.57,B3PP
>len_12_peptide_257,RRRRRSSRRRRR,0.82,B3PP
>len_12_peptide_258,PPPPPPNIPNNY,0.65,B3PP
>len_12_peptide_259,LPRLPSRRLPRV,0.83,B3PP
>len_12_peptide_260,YRRRRRRRRRRR,0.82,B3PP
>len_12_peptide_261,YYFPGSSTTPWF,0.69,B3PP
>len_12_peptide_262,YYGNGNNFFNNF,0.44,Non-B3PP
>len_12_peptide_263,RRRRPRRRPRRR,0.82,B3PP
>len_12_peptide_264,YYNNGGFFFFNN,0.56,B3PP
>len_12_peptide_265,YGFYPGSGLPRV,0.21,Non-B3PP
>len_12_peptide_266,YRPLLPLRLPGN,0.81,B3PP
>len_12_peptide_267,PYPPPPPPPNPN,0.80,B3PP
>len_12_peptide_268,YGNYNGNFPPNF,0.39,Non-B3PP
>len_12_peptide_269,YPPRPLTRLRNF,0.83,B3PP
>len_12_peptide_270,PPPPPPVPPPPP,0.80,B3PP
>len_12_peptide_271,PYNYPPPNPPPF,0.81,B3PP
>len_12_peptide_272,YLFLLLSLLLRN,0.81,B3PP
>len_12_peptide_273,YYGFFLGFFNNN,0.79,B3PP
>len_12_peptide_274,YFLLGPFRRRRR,0.82,B3PP
>len_12_peptide_275,PYPGPLNNPPPF,0.82,B3PP
>len_12_peptide_276,TLLYLGGFFNLN,0.37,Non-B3PP
>len_12_peptide_277,YHVPPSGRPPPF,0.75,B3PP
>len_12_peptide_278,YNPLLPFNPRPR,0.77,B3PP
>len_12_peptide_279,RRRRLLGPPRRN,0.83,B3PP
>len_12_peptide_280,YPNNNGFNPRFF,0.26,Non-B3PP
>len_12_peptide_281,YYGGFFGFLNNN,0.80,B3PP
>len_12_peptide_282,YYGGNFTFNNGF,0.22,Non-B3PP
>len_12_peptide_283,PYPNPPPNPPNF,0.80,B3PP
>len_12_peptide_284,YFFFNTGGNGNF,0.25,Non-B3PP
>len_12_peptide_285,YYFYFGGNGGNF,0.40,Non-B3PP
>len_12_peptide_286,YYGNGTFLNFNF,0.47,Non-B3PP
>len_12_peptide_287,YPPPPPPFPPWY,0.71,B3PP
>len_12_peptide_288,YNPPPPFPPPPN,0.80,B3PP
>len_12_peptide_289,YYNYNGFFFNNF,0.48,Non-B3PP
>len_12_peptide_290,YYFNGGFFFFNN,0.59,B3PP
>len_12_peptide_291,YGYGGGFFFNNN,0.45,Non-B3PP
>len_12_peptide_292,YYGGPNFFNFFN,0.31,Non-B3PP
>len_12_peptide_293,YFPYPLGFLGPN,0.25,Non-B3PP
>len_12_peptide_294,PLWPPPPPPPPP,0.76,B3PP
>len_12_peptide_295,YYFGYGFFGFNN,0.66,B3PP
>len_12_peptide_296,YGPSRLRRLPRV,0.82,B3PP
>len_12_peptide_297,PYFYGGFFGPNN,0.29,Non-B3PP
>len_12_peptide_298,YPGYGSPLPPPY,0.30,Non-B3PP
>len_12_peptide_299,YRPYGSFFFRGN,0.81,B3PP
>len_12_peptide_300,YPGFNFFNPNFY,0.25,Non-B3PP
>len_12_peptide_301,YGNFGNFFPGNF,0.28,Non-B3PP
>len_12_peptide_302,YGNYNGNNFFFN,0.38,Non-B3PP
>len_12_peptide_303,YGFYGFFFPGNN,0.40,Non-B3PP
>len_12_peptide_304,YGGFGFFNENNF,0.73,B3PP
>len_12_peptide_305,PPPYPPPPPPPP,0.79,B3PP
>len_12_peptide_306,LPPPPPPPPPPV,0.78,B3PP
>len_12_peptide_307,YGFYGGGFFGFN,0.57,B3PP
>len_12_peptide_308,YPGWSSSPRPFY,0.74,B3PP
>len_12_peptide_309,YPNGGFFGNGFF,0.23,Non-B3PP
>len_12_peptide_310,YNFNPPPTPNNN,0.74,B3PP
>len_12_peptide_311,YPPPPPPPPPPP,0.79,B3PP
>len_12_peptide_312,RRLRSRLRRLRR,0.83,B3PP
>len_12_peptide_313,YEFNFNTFGFFN,0.34,Non-B3PP
>len_12_peptide_314,PHNPLNPPPPNF,0.77,B3PP
>len_12_peptide_315,RRLRLLLRRLRR,0.83,B3PP
>len_12_peptide_316,PYVPPPNPPPNV,0.80,B3PP
>len_12_peptide_317,YLGGPLSFNPYF,0.21,Non-B3PP
>len_12_peptide_318,YYGNNGPFGGFF,0.32,Non-B3PP
>len_12_peptide_319,YYNFFNTFGGFF,0.56,B3PP
>len_12_peptide_320,PPPPPPPPPPPV,0.79,B3PP
>len_12_peptide_321,YGGNNPNFGNFN,0.34,Non-B3PP
>len_12_peptide_322,YGGYSFGFLNFG,0.21,Non-B3PP
>len_12_peptide_323,PYYPFFFFPNNF,0.22,Non-B3PP
>len_12_peptide_324,GYYNGFFNFFNY,0.53,B3PP
>len_12_peptide_325,YYGFGGFFGFNN,0.51,B3PP
>len_12_peptide_326,YYFLLGGFLNNF,0.80,B3PP
>len_12_peptide_327,YGFNFGFFGNNN,0.26,Non-B3PP
>len_12_peptide_328,YGFFGGFFENNN,0.80,B3PP
>len_12_peptide_329,YPPNPGFFPPFN,0.51,B3PP
>len_12_peptide_330,LPPLLLRPPRRR,0.82,B3PP
>len_12_peptide_331,YFEYGGNFFGNN,0.79,B3PP
>len_12_peptide_332,YGNGNGEFFENF,0.71,B3PP
>len_12_peptide_333,RPRLRRLGRRRK,0.83,B3PP
>len_12_peptide_334,YFFGGFFFFNGN,0.34,Non-B3PP
>len_12_peptide_335,YYGYGPNFPPNN,0.74,B3PP
>len_12_peptide_336,YRRLLLSLRPRR,0.83,B3PP
>len_12_peptide_337,LRRLRRLRRRRR,0.83,B3PP
>len_12_peptide_338,PYNNPFPPENNF,0.80,B3PP
>len_12_peptide_339,YGYYGGGFNFNF,0.52,B3PP
>len_12_peptide_340,YYGGGGSFGFNF,0.27,Non-B3PP
>len_12_peptide_341,YPPLLLFLLNFN,0.31,Non-B3PP
>len_12_peptide_342,YFEYGGGFGNNN,0.76,B3PP
>len_12_peptide_343,YRLRRSLFRRGR,0.83,B3PP
>len_12_peptide_344,YGFSSGGSGRFF,0.20,Non-B3PP
>len_12_peptide_345,FYYGNFFEENNN,0.81,B3PP
>len_12_peptide_346,YGGFGGFFYYFN,0.49,Non-B3PP
>len_12_peptide_347,YFYFGTFGFNNN,0.81,B3PP
>len_12_peptide_348,YGNNNGNYGFFF,0.33,Non-B3PP
>len_12_peptide_349,YFYFGNFNGFFN,0.61,B3PP
>len_12_peptide_350,PNNYGSTPPPNF,0.67,B3PP
>len_12_peptide_351,YYGYGFNGLNNF,0.66,B3PP
>len_12_peptide_352,RPLPLRRPRRVY,0.83,B3PP
>len_12_peptide_353,YGGYGTFGNLFF,0.21,Non-B3PP
>len_12_peptide_354,RLRLLLLLRRLR,0.82,B3PP
>len_12_peptide_355,YPGGGPFTFRYN,0.31,Non-B3PP
>len_12_peptide_356,YGFYGNFFFGNF,0.57,B3PP
>len_12_peptide_357,YGPYLPPPLPPN,0.74,B3PP
>len_12_peptide_358,YRFGGGGLFRFN,0.82,B3PP
>len_12_peptide_359,RRRRRRRLRRRR,0.82,B3PP
>len_12_peptide_360,YGEGGGFFEFFN,0.38,Non-B3PP
>len_12_peptide_361,YYNPGGFFNGFN,0.52,B3PP
>len_12_peptide_362,RRLLLLLRLPRK,0.82,B3PP
>len_12_peptide_363,YGGFLGLFGLFN,0.25,Non-B3PP
>len_12_peptide_364,YRPPRSRFLPRV,0.83,B3PP
>len_12_peptide_365,YGRPLLLLLRFR,0.82,B3PP
>len_12_peptide_366,YGYNYLFPNFNF,0.29,Non-B3PP
>len_12_peptide_367,RLRLLRRRRRRR,0.83,B3PP
>len_12_peptide_368,YYGFFGGTFNNF,0.48,Non-B3PP
>len_12_peptide_369,YGGYLSFFLGNF,0.28,Non-B3PP
>len_12_peptide_370,YGGGGSFLLPRN,0.19,Non-B3PP
>len_12_peptide_371,SYGGSSGFLGRN,0.19,Non-B3PP
>len_12_peptide_372,YPGGGFTFFNNY,0.20,Non-B3PP
>len_12_peptide_373,YGFFFGFFNNNF,0.49,Non-B3PP
>len_12_peptide_374,YFFGGFGFGNNY,0.43,Non-B3PP
>len_12_peptide_375,YYGGFGFFNNFF,0.60,B3PP
>len_12_peptide_376,YYFYGGFNFNFN,0.57,B3PP
>len_12_peptide_377,YPYGFPPPPPFN,0.66,B3PP
>len_12_peptide_378,TRVVSWSWSWVW,0.71,B3PP
>len_12_peptide_379,FGYYFGNLFFGN,0.69,B3PP
>len_12_peptide_380,YPPPNPLFPPRY,0.78,B3PP
>len_12_peptide_381,YGLFYGFGLFFY,0.71,B3PP
>len_12_peptide_382,YGYNGGGFFGFF,0.43,Non-B3PP
>len_12_peptide_383,RLPRLPRPRRRP,0.82,B3PP
>len_12_peptide_384,YFGNFGGNFFNF,0.34,Non-B3PP
>len_12_peptide_385,FFYYPGFLLFNF,0.78,B3PP
>len_12_peptide_386,YYGGNPFFNFNF,0.32,Non-B3PP
>len_12_peptide_387,YPYNPPNFLFPF,0.29,Non-B3PP
>len_12_peptide_388,RLRPPLSRPRNP,0.83,B3PP
>len_12_peptide_389,YGYGFGGFENNN,0.77,B3PP
>len_12_peptide_390,FPYYFTGFFNNF,0.30,Non-B3PP
>len_12_peptide_391,YPPYPPPPPPPV,0.78,B3PP
>len_12_peptide_392,YGFFYNGGFNFN,0.41,Non-B3PP
>len_12_peptide_393,YGFNSSFGGGYF,0.22,Non-B3PP
>len_12_peptide_394,YGFYFGGGGNVN,0.49,Non-B3PP
>len_12_peptide_395,YYFGGGFFLPFY,0.57,B3PP
>len_12_peptide_396,PPRPPPPPPPVV,0.81,B3PP
>len_12_peptide_397,YPPPLWPFPPVP,0.63,B3PP
>len_12_peptide_398,RRLLSSSSRPPV,0.82,B3PP
>len_12_peptide_399,YGNYSSTNGNFF,0.21,Non-B3PP
>len_12_peptide_400,VYPPPPPPPPNV,0.79,B3PP
>len_12_peptide_401,YYGFGGNGFFFF,0.50,B3PP
>len_12_peptide_402,YYPPNPPFPNFF,0.64,B3PP
>len_12_peptide_403,YGLLGLFFFLLV,0.69,B3PP
>len_12_peptide_404,PPWWWPFPPPPP,0.51,B3PP
>len_12_peptide_405,YPPPPPPPPPPY,0.78,B3PP
>len_12_peptide_406,PHPPPPVPPPPV,0.80,B3PP
>len_12_peptide_407,VPPPPPPPPPWN,0.73,B3PP
>len_12_peptide_408,PPNPWPPPPPNV,0.75,B3PP
>len_12_peptide_409,RRSSSSRSSRVR,0.82,B3PP
>len_12_peptide_410,FPYYPPPFPHNN,0.81,B3PP
>len_12_peptide_411,YGNNGPFFFFNY,0.23,Non-B3PP
>len_12_peptide_412,YYFNFGNGFTNF,0.41,Non-B3PP
>len_12_peptide_413,YPYNGFTFPGNN,0.74,B3PP
>len_12_peptide_414,VPPPPPPPPPPV,0.77,B3PP
>len_12_peptide_415,YYNNFGFFNNGF,0.26,Non-B3PP
>len_12_peptide_416,YPGPGFFFPPNN,0.44,Non-B3PP
>len_12_peptide_417,YYGNGFFFGFNF,0.43,Non-B3PP
>len_12_peptide_418,YYNGGFGNNNNN,0.43,Non-B3PP
>len_12_peptide_419,GYYNFFTNFFNF,0.28,Non-B3PP
>len_12_peptide_420,YGYYGTFNFFNN,0.64,B3PP
>len_12_peptide_421,YGFFFGFGNFNN,0.28,Non-B3PP
>len_12_peptide_422,YFFYNGFGPNNF,0.35,Non-B3PP
>len_12_peptide_423,YYGGNNFYFFFN,0.46,Non-B3PP
>len_12_peptide_424,RRYRGPFNPPRN,0.83,B3PP
>len_12_peptide_425,KLRRRLRRRRRR,0.83,B3PP
>len_12_peptide_426,YFGYFFFGFNGN,0.61,B3PP
>len_12_peptide_427,YYGGNGNNFGNF,0.48,Non-B3PP
>len_12_peptide_428,KRRRKRRRRRRR,0.82,B3PP
>len_12_peptide_429,YPNPYYFNPFNN,0.64,B3PP
>len_12_peptide_430,YPPPPPVPPPVV,0.76,B3PP
>len_12_peptide_431,PYLYPPPPPPVF,0.74,B3PP
>len_12_peptide_432,YPNYGFFFFFNF,0.36,Non-B3PP
>len_12_peptide_433,YFNNYGTFNENN,0.77,B3PP
>len_12_peptide_434,YFENGGFGFFNN,0.75,B3PP
>len_12_peptide_435,NPYGNPFFNPFF,0.20,Non-B3PP
>len_12_peptide_436,RRRLRLRSRRRR,0.83,B3PP
>len_12_peptide_437,TYNGPFFLFPNY,0.20,Non-B3PP
>len_12_peptide_438,PYGFGGTFGNNY,0.21,Non-B3PP
>len_12_peptide_439,PPNPPLLLPFPF,0.31,Non-B3PP
>len_12_peptide_440,YHLSGGSTGGNF,0.20,Non-B3PP
>len_12_peptide_441,SGLGSSGGLRNF,0.19,Non-B3PP
>len_12_peptide_442,YPYNPFFNFPNF,0.23,Non-B3PP
>len_12_peptide_443,PPPPLLLPPNPY,0.71,B3PP
>len_12_peptide_444,RGRRSRRRRRNY,0.83,B3PP
>len_12_peptide_445,YPPFGNNFPPNF,0.31,Non-B3PP
>len_12_peptide_446,YYYFGGTGFNNN,0.62,B3PP
>len_12_peptide_447,YGGGYNFFGFNF,0.33,Non-B3PP
>len_12_peptide_448,YYPNGFGNPGRF,0.25,Non-B3PP
>len_12_peptide_449,YGFNGFNFNFNY,0.32,Non-B3PP
>len_12_peptide_450,YPPYPGFFPNPN,0.78,B3PP
>len_12_peptide_451,PRPPPPVPPPVV,0.81,B3PP
>len_12_peptide_452,YGLLKLLRLLRR,0.82,B3PP
>len_12_peptide_453,YGYFFGFFFLNN,0.76,B3PP
>len_12_peptide_454,YGPFSFNTRPNN,0.39,Non-B3PP
>len_12_peptide_455,YPLPLLFPFPPP,0.32,Non-B3PP
>len_12_peptide_456,YGFGGGFYFNYN,0.44,Non-B3PP
>len_12_peptide_457,PPPPPPPPPPPN,0.79,B3PP
>len_12_peptide_458,YYFFGFNFNRRN,0.82,B3PP
>len_12_peptide_459,YGGNGFFFNNNY,0.54,B3PP
>len_12_peptide_460,YPPYNPLPPPRF,0.81,B3PP
>len_12_peptide_461,YFNGGFTFFNNF,0.24,Non-B3PP
>len_12_peptide_462,YLRSGGSLRGNY,0.82,B3PP
>len_12_peptide_463,YRSPRSSSTRLV,0.83,B3PP
>len_12_peptide_464,YGRLLLGFLRRY,0.83,B3PP
>len_12_peptide_465,YGGLSLGRRRRF,0.82,B3PP
>len_12_peptide_466,YGFFGFGFFNNN,0.27,Non-B3PP
>len_12_peptide_467,YWFGPGFFGNFF,0.44,Non-B3PP
>len_12_peptide_468,GPGYGFFFPFYF,0.22,Non-B3PP
>len_12_peptide_469,RRRRRSRRRRKR,0.82,B3PP
>len_12_peptide_470,PPYNPPPPPNVP,0.81,B3PP
>len_12_peptide_471,YRRPRLSSPRRY,0.83,B3PP
>len_12_peptide_472,YYGGGSPFRRNF,0.64,B3PP
>len_12_peptide_473,RPRYPRPRRPPN,0.82,B3PP
>len_12_peptide_474,YGGFTGFFFFNN,0.26,Non-B3PP
>len_12_peptide_475,PPPVPPPPPPVP,0.79,B3PP
>len_12_peptide_476,YNFYGGENGGNF,0.60,B3PP
>len_12_peptide_477,YNYPGFFFFPFN,0.23,Non-B3PP
>len_12_peptide_478,YPGGGLFFFPNF,0.19,Non-B3PP
>len_12_peptide_479,RLSRRSRSLRRT,0.83,B3PP
>len_12_peptide_480,YGWFFGTNFGFN,0.69,B3PP
>len_12_peptide_481,YYGNGNENPGFF,0.56,B3PP
>len_12_peptide_482,PSRYRGSRLRRR,0.83,B3PP
>len_12_peptide_483,YFYYNFGEFGNF,0.78,B3PP
>len_12_peptide_484,GGFGNTFFGFNY,0.19,Non-B3PP
>len_12_peptide_485,YFYYGNFFNNNF,0.59,B3PP
>len_12_peptide_486,YRFFYGGNRGNN,0.79,B3PP
>len_12_peptide_487,YGYFNNFFGNFN,0.57,B3PP
>len_12_peptide_488,YYGNGFFFNNFN,0.52,B3PP
>len_12_peptide_489,YYNGGFTFFNNF,0.46,Non-B3PP
>len_12_peptide_490,RYPVPPFPPPPV,0.82,B3PP
>len_12_peptide_491,YGFYGGFFFGNN,0.61,B3PP
>len_12_peptide_492,YGFSSGTFLGGF,0.19,Non-B3PP
>len_12_peptide_493,YNGGNFTFNNYF,0.27,Non-B3PP
>len_12_peptide_494,PPPYYNPEPNPF,0.80,B3PP
>len_12_peptide_495,VPPPPPPPPPPP,0.78,B3PP
>len_12_peptide_496,PPYVPPPPPPNV,0.79,B3PP
>len_12_peptide_497,PPYPPPLPPPPV,0.81,B3PP
>len_12_peptide_498,FYGSSSTSHGFN,0.20,Non-B3PP
>len_12_peptide_499,YFGGGFFNGNNN,0.33,Non-B3PP
>len_12_peptide_500,RRRRPLRPPLRR,0.82,B3PP
